"Symbol","Series","Date","Prev Close","Open Price","High Price","Low Price","Last Price","Close Price","Average Price","Total Traded Quantity","Turnover","No. of Trades","Deliverable Qty","% Dly Qt to Traded Qty"
"NABARD","N2","04-May-2017","       1115.05","       1116.00","       1116.00","       1110.25","       1113.00","       1113.66","       1115.07","       2885","             3216991.25","         14","       2860","         99.13"
"NABARD","N2","05-May-2017","       1113.66","       1110.50","       1114.50","       1110.50","       1114.50","       1114.50","       1113.86","       2873","             3200124.50","         38","       2822","         98.22"
"NABARD","N2","08-May-2017","       1114.50","       1114.05","       1119.95","       1114.05","       1119.95","       1119.95","       1115.94","       1491","             1663870.00","          9","       1490","         99.93"
"NABARD","N2","09-May-2017","       1119.95","       1119.90","       1121.00","       1119.50","       1120.20","       1120.93","       1120.14","       1062","             1189593.70","          9","       1061","         99.91"
"NABARD","N2","10-May-2017","       1120.93","       1120.00","       1120.00","       1120.00","       1120.00","       1120.00","       1120.00","          1","                1120.00","          1","          1","        100.00"
"NABARD","N2","11-May-2017","       1120.00","       1120.00","       1120.00","       1118.00","       1118.00","       1118.00","       1118.45","         31","               34672.00","          3","         31","        100.00"
"NABARD","N2","12-May-2017","       1118.00","       1120.00","       1120.00","       1118.00","       1118.00","       1118.00","       1118.39","         18","               20131.00","          6","         16","         88.89"
"NABARD","N2","15-May-2017","       1118.00","       1118.01","       1120.80","       1118.01","       1120.80","       1118.46","       1118.46","        175","              195731.20","          7","        175","        100.00"
"NABARD","N2","16-May-2017","       1118.46","       1118.00","       1120.00","       1118.00","       1120.00","       1120.00","       1119.73","        865","              968565.00","          8","        865","        100.00"
"NABARD","N2","17-May-2017","       1120.00","       1124.00","       1124.00","       1120.00","       1120.00","       1120.00","       1122.00","          3","                3366.00","          3","          3","        100.00"
"NABARD","N2","18-May-2017","       1120.00","       1125.00","       1125.00","       1125.00","       1125.00","       1125.00","       1125.00","          1","                1125.00","          1","          1","        100.00"
"NABARD","N2","19-May-2017","       1125.00","       1121.00","       1121.00","       1120.00","       1120.00","       1120.00","       1120.36","        280","              313700.00","          5","        280","        100.00"
"NABARD","N2","22-May-2017","       1120.00","       1119.00","       1123.00","       1119.00","       1121.00","       1121.00","       1119.84","        753","              843238.75","          8","        753","        100.00"
"NABARD","N2","23-May-2017","       1121.00","       1115.00","       1124.00","       1100.00","       1124.00","       1124.00","       1112.08","        200","              222415.00","          4","        200","        100.00"
"NABARD","N2","24-May-2017","       1124.00","       1123.00","       1123.00","       1121.00","       1121.00","       1121.00","       1122.00","        300","              336600.00","          3","        300","        100.00"
"NABARD","N2","26-May-2017","       1121.00","       1124.00","       1124.00","       1124.00","       1124.00","       1124.00","       1124.00","        100","              112400.00","          1","        100","        100.00"
"NABARD","N2","29-May-2017","       1124.00","       1118.02","       1118.02","       1118.02","       1118.02","       1118.02","       1118.02","        100","              111802.00","          1","        100","        100.00"
"NABARD","N2","31-May-2017","       1118.02","       1123.50","       1128.00","       1123.50","       1128.00","       1128.00","       1127.78","        206","              232321.80","          4","        200","         97.09"
"NABARD","N2","01-Jun-2017","       1128.00","       1125.00","       1127.00","       1124.06","       1126.00","       1125.75","       1125.85","        475","              534776.50","          6","        475","        100.00"
"NABARD","N2","02-Jun-2017","       1125.75","       1125.00","       1128.00","       1125.00","       1128.00","       1128.00","       1127.12","         56","               63118.94","          4","         50","         89.29"
"NABARD","N2","05-Jun-2017","       1128.00","       1127.00","       1127.00","       1126.25","       1126.25","       1126.31","       1126.32","       1100","             1238950.00","          2","       1100","        100.00"
"NABARD","N2","06-Jun-2017","       1126.31","       1130.00","       1130.00","       1130.00","       1130.00","       1130.00","       1130.00","         20","               22600.00","          1","         20","        100.00"
"NABARD","N2","08-Jun-2017","       1130.00","       1100.00","       1135.00","       1100.00","       1135.00","       1135.00","       1123.27","        470","              527936.25","         12","        435","         92.55"
"NABARD","N2","09-Jun-2017","       1135.00","       1100.00","       1130.00","       1100.00","       1130.00","       1130.00","       1109.31","        145","              160850.00","          2","        145","        100.00"
"NABARD","N2","12-Jun-2017","       1130.00","       1105.00","       1140.00","       1100.00","       1133.00","       1133.00","       1127.48","        461","              519768.80","         11","        388","         84.16"
"NABARD","N2","13-Jun-2017","       1133.00","       1135.00","       1139.00","       1135.00","       1137.25","       1137.68","       1136.84","       1580","             1796204.40","         12","       1470","         93.04"
"NABARD","N2","14-Jun-2017","       1137.68","       1135.00","       1145.00","       1135.00","       1138.00","       1138.00","       1142.78","        119","              135990.90","          5","        109","         91.60"
"NABARD","N2","15-Jun-2017","       1138.00","       1140.00","       1142.75","       1137.00","       1142.75","       1142.75","       1139.87","        750","              854902.00","          7","        550","         73.33"
"NABARD","N2","16-Jun-2017","       1142.75","       1141.10","       1141.10","       1139.00","       1139.00","       1139.00","       1140.41","        920","             1049176.10","          8","        910","         98.91"
"NABARD","N2","19-Jun-2017","       1139.00","       1141.00","       1144.95","       1140.00","       1144.95","       1144.95","       1142.58","       1075","             1228272.50","         11","       1000","         93.02"
"NABARD","N2","21-Jun-2017","       1144.95","       1142.00","       1142.00","       1140.00","       1140.00","       1140.00","       1140.57","        175","              199600.00","          3","        175","        100.00"
"NABARD","N2","23-Jun-2017","       1140.00","       1140.00","       1140.00","       1139.00","       1139.00","       1139.10","       1139.29","       1500","             1708933.80","         14","       1400","         93.33"
"NABARD","N2","27-Jun-2017","       1139.10","       1141.00","       1144.00","       1139.00","       1144.00","       1144.00","       1141.63","        971","             1108524.00","         11","        971","        100.00"
"NABARD","N2","29-Jun-2017","       1144.00","       1140.00","       1140.00","       1140.00","       1140.00","       1140.00","       1140.00","        525","              598500.00","          3","        525","        100.00"
"NABARD","N2","30-Jun-2017","       1140.00","       1139.05","       1145.00","       1139.00","       1139.00","       1139.21","       1139.21","        565","              643651.75","          4","        565","        100.00"
"NABARD","N2","03-Jul-2017","       1139.21","       1140.00","       1140.00","       1140.00","       1140.00","       1140.00","       1140.00","         50","               57000.00","          1","         50","        100.00"
"NABARD","N2","04-Jul-2017","       1140.00","       1141.01","       1141.01","       1141.00","       1141.00","       1141.00","       1141.00","         75","               85575.28","          2","         75","        100.00"
"NABARD","N2","05-Jul-2017","       1141.00","       1144.00","       1144.00","       1144.00","       1144.00","       1144.00","       1144.00","       1000","             1144000.00","          1","       1000","        100.00"
"NABARD","N2","06-Jul-2017","       1144.00","       1143.00","       1145.00","       1141.00","       1145.00","       1145.00","       1142.60","        250","              285650.00","          6","        225","         90.00"
"NABARD","N2","07-Jul-2017","       1145.00","       1144.00","       1144.00","       1142.00","       1142.00","       1142.00","       1143.09","        275","              314350.00","          3","        275","        100.00"
"NABARD","N2","11-Jul-2017","       1142.00","       1143.00","       1145.00","       1143.00","       1145.00","       1145.00","       1143.18","         11","               12575.00","          2","         11","        100.00"
"NABARD","N2","12-Jul-2017","       1145.00","       1145.00","       1145.00","       1145.00","       1145.00","       1145.00","       1145.00","          2","                2290.00","          1","          2","        100.00"
"NABARD","N2","14-Jul-2017","       1145.00","       1149.00","       1149.00","       1148.00","       1148.00","       1148.49","       1148.50","        200","              229700.00","          3","        200","        100.00"
"NABARD","N2","17-Jul-2017","       1148.49","       1151.20","       1151.20","       1149.00","       1149.00","       1149.00","       1149.57","       2000","             2299141.00","         11","       2000","        100.00"
"NABARD","N2","18-Jul-2017","       1149.00","       1150.00","       1155.00","       1149.01","       1155.00","       1155.00","       1151.34","        300","              345401.00","          4","        200","         66.67"
"NABARD","N2","19-Jul-2017","       1155.00","       1154.00","       1154.00","       1154.00","       1154.00","       1154.00","       1154.00","         50","               57700.00","          1","         50","        100.00"
"NABARD","N2","20-Jul-2017","       1154.00","       1154.00","       1160.00","       1154.00","       1160.00","       1160.00","       1155.12","        123","              142080.00","          5","        123","        100.00"
"NABARD","N2","24-Jul-2017","       1160.00","       1155.00","       1155.00","       1155.00","       1155.00","       1155.00","       1155.00","        125","              144375.00","          2","        125","        100.00"
"NABARD","N2","25-Jul-2017","       1155.00","       1160.00","       1160.00","       1160.00","       1160.00","       1160.00","       1160.00","        150","              174000.00","          1","        150","        100.00"
"NABARD","N2","28-Jul-2017","       1160.00","       1155.00","       1155.00","       1152.00","       1154.00","       1154.00","       1153.24","       1050","             1210900.00","          4","        700","         66.67"
"NABARD","N2","31-Jul-2017","       1154.00","       1155.00","       1155.10","       1154.00","       1154.02","       1154.02","       1154.90","        622","              718347.40","          5","        622","        100.00"
"NABARD","N2","01-Aug-2017","       1154.02","       1161.50","       1162.00","       1160.00","       1160.00","       1161.82","       1161.82","       2410","             2799994.90","          9","       2200","         91.29"
"NABARD","N2","02-Aug-2017","       1161.82","       1158.00","       1163.00","       1157.10","       1163.00","       1162.99","       1161.50","       1525","             1771287.50","          7","       1525","        100.00"
"NABARD","N2","03-Aug-2017","       1162.99","       1160.00","       1163.00","       1160.00","       1163.00","       1162.23","       1161.30","       3650","             4238730.18","         18","       3050","         83.56"
"NABARD","N2","04-Aug-2017","       1162.23","       1164.99","       1165.00","       1162.01","       1164.00","       1164.25","       1164.48","       1961","             2283551.25","         14","       1611","         82.15"
"NABARD","N2","07-Aug-2017","       1164.25","       1163.10","       1163.10","       1162.00","       1162.00","       1162.50","       1162.80","        400","              465120.00","          3","        400","        100.00"
"NABARD","N2","08-Aug-2017","       1162.50","       1167.00","       1167.00","       1163.00","       1163.00","       1163.07","       1163.10","        603","              701348.00","          6","        603","        100.00"
"NABARD","N2","09-Aug-2017","       1163.07","       1163.00","       1166.00","       1162.00","       1165.00","       1165.00","       1165.02","       1488","             1733556.00","          9","       1350","         90.73"
"NABARD","N2","10-Aug-2017","       1165.00","       1166.00","       1166.00","       1166.00","       1166.00","       1166.00","       1166.00","        117","              136422.00","          3","        117","        100.00"
"NABARD","N2","11-Aug-2017","       1166.00","       1166.05","       1166.05","       1165.00","       1166.00","       1166.00","       1165.96","        265","              308980.00","          4","        265","        100.00"
"NABARD","N2","14-Aug-2017","       1166.00","       1169.00","       1169.00","       1169.00","       1169.00","       1169.00","       1169.00","        507","              592683.00","          6","        507","        100.00"
"NABARD","N2","16-Aug-2017","       1169.00","       1170.00","       1170.00","       1170.00","       1170.00","       1170.00","       1170.00","        359","              420030.00","          3","        359","        100.00"
"NABARD","N2","17-Aug-2017","       1170.00","       1165.00","       1170.00","       1165.00","       1170.00","       1170.00","       1168.83","        300","              350650.00","          2","        230","         76.67"
"NABARD","N2","21-Aug-2017","       1170.00","       1170.99","       1170.99","       1165.10","       1166.00","       1166.00","       1167.29","        660","              770409.50","          8","        660","        100.00"
"NABARD","N2","22-Aug-2017","       1166.00","       1166.01","       1167.00","       1166.01","       1166.25","       1166.25","       1166.11","        165","              192408.75","          3","        165","        100.00"
"NABARD","N2","23-Aug-2017","       1166.25","       1167.05","       1167.05","       1167.05","       1167.05","       1167.05","       1167.05","        500","              583525.00","          1","        500","        100.00"
"NABARD","N2","24-Aug-2017","       1167.05","       1167.26","       1167.26","       1167.00","       1167.00","       1167.00","       1167.19","        350","              408516.14","          4","        350","        100.00"
"NABARD","N2","28-Aug-2017","       1167.00","       1171.99","       1172.00","       1171.99","       1172.00","       1172.00","       1172.00","        149","              174627.44","          3","        149","        100.00"
"NABARD","N2","29-Aug-2017","       1172.00","       1171.00","       1171.00","       1171.00","       1171.00","       1171.00","       1171.00","       1686","             1974306.00","          9","       1686","        100.00"
"NABARD","N2","30-Aug-2017","       1171.00","       1170.00","       1170.00","       1170.00","       1170.00","       1170.00","       1170.00","       1000","             1170000.00","          2","       1000","        100.00"
"NABARD","N2","31-Aug-2017","       1170.00","       1170.05","       1171.00","       1170.05","       1171.00","       1171.00","       1170.53","        400","              468210.00","          5","        400","        100.00"
"NABARD","N2","01-Sep-2017","       1171.00","       1172.00","       1174.55","       1171.10","       1174.55","       1174.54","       1171.72","        302","              353859.20","          8","        199","         65.89"
"NABARD","N2","04-Sep-2017","       1174.54","       1173.00","       1173.00","       1171.00","       1171.00","       1171.00","       1171.83","        240","              281240.00","          2","        240","        100.00"
"NABARD","N2","05-Sep-2017","       1171.00","       1171.00","       1171.00","       1171.00","       1171.00","       1171.00","       1171.00","        870","             1018770.00","          7","        870","        100.00"
"NABARD","N2","06-Sep-2017","       1171.00","       1171.00","       1171.00","       1170.00","       1170.00","       1170.00","       1170.89","       1147","             1343012.00","         24","       1147","        100.00"
"NABARD","N2","07-Sep-2017","       1170.00","       1171.00","       1176.00","       1170.04","       1172.00","       1173.36","       1172.23","       4096","             4801466.98","         24","       3718","         90.77"
"NABARD","N2","08-Sep-2017","       1173.36","       1173.00","       1173.00","       1173.00","       1173.00","       1173.00","       1173.00","        500","              586500.00","          1","        500","        100.00"
"NABARD","N2","11-Sep-2017","       1173.00","       1175.00","       1175.00","       1173.80","       1173.80","       1173.99","       1174.50","       1003","             1178021.40","          9","       1003","        100.00"
"NABARD","N2","12-Sep-2017","       1173.99","       1173.00","       1173.00","       1173.00","       1173.00","       1173.00","       1173.00","         45","               52785.00","          2","         45","        100.00"
"NABARD","N2","13-Sep-2017","       1173.00","       1173.00","       1173.00","       1170.00","       1170.00","       1170.00","       1171.18","       1900","             2225250.00","          9","       1900","        100.00"
"NABARD","N2","14-Sep-2017","       1170.00","       1173.00","       1174.25","       1172.00","       1174.25","       1173.33","       1172.75","       1425","             1671165.00","         19","       1410","         98.95"
"NABARD","N2","15-Sep-2017","       1173.33","       1172.00","       1172.00","       1172.00","       1172.00","       1172.00","       1172.00","        300","              351600.00","          1","        300","        100.00"
"NABARD","N2","18-Sep-2017","       1172.00","       1173.00","       1173.01","       1172.00","       1172.00","       1172.00","       1172.71","        510","              598083.00","          8","        510","        100.00"
"NABARD","N2","19-Sep-2017","       1172.00","       1175.00","       1175.00","       1171.05","       1171.05","       1171.05","       1171.19","        110","              128831.30","          3","        110","        100.00"
"NABARD","N2","22-Sep-2017","       1171.05","       1171.00","       1171.00","       1171.00","       1171.00","       1171.00","       1171.00","        110","              128810.00","          1","        110","        100.00"
"NABARD","N2","25-Sep-2017","       1171.00","       1172.50","       1172.50","       1170.00","       1171.05","       1171.05","       1170.08","        890","             1041375.50","          5","        880","         98.88"
"NABARD","N2","26-Sep-2017","       1171.05","       1175.50","       1179.00","       1175.50","       1179.00","       1178.90","       1178.55","        542","              638773.00","          8","        542","        100.00"
"NABARD","N2","27-Sep-2017","       1178.90","       1177.00","       1177.00","       1175.00","       1175.00","       1175.00","       1175.20","        120","              141024.00","          6","        120","        100.00"
"NABARD","N2","28-Sep-2017","       1175.00","       1174.00","       1179.99","       1174.00","       1179.99","       1179.99","       1175.01","        367","              431229.95","          4","        362","         98.64"
"NABARD","N2","29-Sep-2017","       1179.99","       1175.00","       1175.10","       1175.00","       1175.00","       1175.00","       1175.01","        160","              188001.00","          3","        160","        100.00"
"NABARD","N2","05-Oct-2017","       1175.00","       1175.00","       1183.00","       1175.00","       1177.00","       1177.00","       1177.09","        690","              812189.60","          9","        550","         79.71"
"NABARD","N2","06-Oct-2017","       1177.00","       1180.00","       1180.00","       1180.00","       1180.00","       1180.00","       1180.00","        135","              159300.00","          3","        135","        100.00"
"NABARD","N2","09-Oct-2017","       1180.00","       1181.00","       1181.00","       1175.05","       1175.05","       1175.05","       1176.04","         70","               82322.50","          3","         60","         85.71"
"NABARD","N2","12-Oct-2017","       1175.05","       1182.00","       1182.00","       1182.00","       1182.00","       1182.00","       1182.00","        660","              780120.00","          3","        660","        100.00"
"NABARD","N2","13-Oct-2017","       1182.00","       1182.00","       1182.99","       1179.00","       1179.15","       1179.15","       1179.58","        152","              179296.20","          8","        132","         86.84"
"NABARD","N2","16-Oct-2017","       1179.15","       1179.00","       1179.00","       1179.00","       1179.00","       1179.00","       1179.00","         10","               11790.00","          1","         10","        100.00"
"NABARD","N2","17-Oct-2017","       1179.00","       1179.00","       1179.00","       1179.00","       1179.00","       1179.00","       1179.00","        100","              117900.00","          2","        100","        100.00"
"NABARD","N2","18-Oct-2017","       1179.00","       1180.00","       1180.00","       1178.00","       1178.00","       1178.00","       1178.09","        230","              270960.00","          6","        230","        100.00"
"NABARD","N2","19-Oct-2017","       1178.00","       1171.00","       1171.00","       1171.00","       1171.00","       1171.00","       1171.00","         50","               58550.00","          1","         50","        100.00"
"NABARD","N2","23-Oct-2017","       1171.00","       1181.95","       1181.95","       1180.00","       1180.45","       1180.45","       1180.07","         91","              107386.45","          5","         91","        100.00"
"NABARD","N2","24-Oct-2017","       1180.45","       1180.95","       1181.55","       1180.80","       1181.55","       1181.55","       1181.03","        145","              171249.75","          4","        145","        100.00"
"NABARD","N2","25-Oct-2017","       1181.55","       1182.00","       1182.00","       1181.00","       1181.00","       1181.00","       1181.50","        200","              236300.00","          2","        200","        100.00"
"NABARD","N2","26-Oct-2017","       1181.00","       1181.00","       1185.00","       1181.00","       1185.00","       1185.00","       1184.83","       3524","             4175332.45","         12","       3524","        100.00"
"NABARD","N2","27-Oct-2017","       1185.00","       1180.20","       1180.20","       1180.20","       1180.20","       1180.20","       1180.20","         10","               11802.00","          1","         10","        100.00"
"NABARD","N2","30-Oct-2017","       1180.20","       1185.00","       1185.00","       1174.00","       1175.00","       1177.07","       1181.31","       1600","             1890100.00","         11","        850","         53.12"
"NABARD","N2","31-Oct-2017","       1177.07","       1184.00","       1184.00","       1184.00","       1184.00","       1184.00","       1184.00","        210","              248640.00","          2","        210","        100.00"
"NABARD","N2","02-Nov-2017","       1184.00","       1182.10","       1185.00","       1182.00","       1185.00","       1185.00","       1183.22","       1680","             1987802.00","          8","       1680","        100.00"
"NABARD","N2","03-Nov-2017","       1185.00","       1182.10","       1182.10","       1182.10","       1182.10","       1182.10","       1182.10","        400","              472840.00","          1","        400","        100.00"
"NABARD","N2","08-Nov-2017","       1182.10","       1183.00","       1183.00","       1183.00","       1183.00","       1183.00","       1183.00","        150","              177450.00","          5","        150","        100.00"
"NABARD","N2","09-Nov-2017","       1183.00","       1182.00","       1182.00","       1182.00","       1182.00","       1182.00","       1182.00","        118","              139476.00","          3","        118","        100.00"
"NABARD","N2","14-Nov-2017","       1182.00","       1180.00","       1180.00","       1180.00","       1180.00","       1180.00","       1180.00","         20","               23600.00","          1","         20","        100.00"
"NABARD","N2","15-Nov-2017","       1180.00","       1180.00","       1180.00","       1180.00","       1180.00","       1180.00","       1180.00","         90","              106200.00","          1","         90","        100.00"
"NABARD","N2","16-Nov-2017","       1180.00","       1178.00","       1178.00","       1178.00","       1178.00","       1178.00","       1178.00","        235","              276830.00","          3","        235","        100.00"
"NABARD","N2","17-Nov-2017","       1178.00","       1182.00","       1182.00","       1182.00","       1182.00","       1182.00","       1182.00","        100","              118200.00","          2","        100","        100.00"
"NABARD","N2","20-Nov-2017","       1182.00","       1180.00","       1180.00","       1180.00","       1180.00","       1180.00","       1180.00","        100","              118000.00","          1","        100","        100.00"
"NABARD","N2","21-Nov-2017","       1180.00","       1178.00","       1178.00","       1175.00","       1175.00","       1175.01","       1176.23","        688","              809249.25","          7","        500","         72.67"
"NABARD","N2","22-Nov-2017","       1175.01","       1180.00","       1180.00","       1179.00","       1179.00","       1179.00","       1179.14","        712","              839548.00","          6","        712","        100.00"
"NABARD","N1","24-Nov-2017","       1000.00","       1140.01","       1141.00","       1140.01","       1141.00","       1141.00","       1140.51","        100","              114050.50","          2","         50","         50.00"
"NABARD","N2","24-Nov-2017","       1179.00","       1178.00","       1178.00","       1176.00","       1176.00","       1176.00","       1177.20","        250","              294300.00","          3","        250","        100.00"
"NABARD","N2","27-Nov-2017","       1176.00","       1177.00","       1177.00","       1172.00","       1172.00","       1173.09","       1173.83","       1350","             1584675.50","         14","       1350","        100.00"
"NABARD","N2","28-Nov-2017","       1173.09","       1176.00","       1179.00","       1170.00","       1179.00","       1179.00","       1175.41","       2244","             2637630.00","         21","       1622","         72.28"
"NABARD","N2","29-Nov-2017","       1179.00","       1178.00","       1178.00","       1176.00","       1176.00","       1176.00","       1177.00","        299","              351924.00","          5","        299","        100.00"
"NABARD","N2","30-Nov-2017","       1176.00","       1178.00","       1180.00","       1173.00","       1180.00","       1180.00","       1175.59","       1353","             1590567.43","         18","       1075","         79.45"
"NABARD","N2","01-Dec-2017","       1180.00","       1178.00","       1179.00","       1177.00","       1177.00","       1177.00","       1178.58","        380","              447860.00","          3","        380","        100.00"
"NABARD","N2","04-Dec-2017","       1177.00","       1175.00","       1175.00","       1174.00","       1174.00","       1174.25","       1174.70","        250","              293675.00","          4","        250","        100.00"
"NABARD","N2","05-Dec-2017","       1174.25","       1175.00","       1175.00","       1173.01","       1173.01","       1173.13","       1174.00","        300","              352201.00","          4","        300","        100.00"
"NABARD","N2","06-Dec-2017","       1173.13","       1175.00","       1176.99","       1170.00","       1170.00","       1170.00","       1171.89","        852","              998447.09","         27","        852","        100.00"
"NABARD","N2","07-Dec-2017","       1170.00","       1175.00","       1178.00","       1174.00","       1174.00","       1174.00","       1174.91","       1100","             1292400.00","         12","       1100","        100.00"
"NABARD","N2","08-Dec-2017","       1174.00","       1175.00","       1175.00","       1172.00","       1172.00","       1172.00","       1173.72","       1000","             1173717.69","          8","       1000","        100.00"
"NABARD","N2","11-Dec-2017","       1172.00","       1178.00","       1178.00","       1175.00","       1175.00","       1175.02","       1176.10","        545","              640977.00","          7","        345","         63.30"
"NABARD","N2","12-Dec-2017","       1175.02","       1174.00","       1176.00","       1166.00","       1176.00","       1176.00","       1171.93","       2272","             2662619.50","         17","       2041","         89.83"
"NABARD","N2","14-Dec-2017","       1176.00","       1175.00","       1175.00","       1175.00","       1175.00","       1175.00","       1175.00","        900","             1057500.00","          3","        900","        100.00"
"NABARD","N2","19-Dec-2017","       1175.00","       1175.00","       1175.00","       1175.00","       1175.00","       1175.00","       1175.00","         50","               58750.00","          1","         50","        100.00"
"NABARD","N2","20-Dec-2017","       1175.00","       1175.00","       1175.00","       1175.00","       1175.00","       1175.00","       1175.00","        145","              170375.00","          4","        145","        100.00"
"NABARD","N2","21-Dec-2017","       1175.00","       1175.00","       1175.00","       1175.00","       1175.00","       1175.00","       1175.00","        400","              470000.00","          3","        400","        100.00"
"NABARD","N2","22-Dec-2017","       1175.00","       1175.00","       1175.00","       1174.01","       1174.01","       1174.01","       1174.91","        110","              129240.10","          3","        110","        100.00"
"NABARD","N2","26-Dec-2017","       1174.01","       1178.00","       1178.00","       1175.25","       1177.00","       1177.00","       1176.41","        566","              665848.00","          4","        566","        100.00"
"NABARD","N2","27-Dec-2017","       1177.00","       1174.00","       1174.00","       1172.00","       1173.00","       1173.00","       1173.82","        768","              901492.00","         10","        768","        100.00"
"NABARD","N2","29-Dec-2017","       1173.00","       1173.45","       1173.45","       1173.00","       1173.20","       1173.20","       1173.28","        800","              938627.50","          4","        500","         62.50"
"NABARD","N2","01-Jan-2018","       1173.20","       1174.00","       1174.00","       1173.50","       1174.00","       1173.95","       1173.98","        210","              246535.00","          3","        210","        100.00"
"NABARD","N2","03-Jan-2018","       1173.95","       1173.50","       1179.00","       1173.45","       1179.00","       1179.00","       1173.82","        321","              376796.50","          3","        321","        100.00"
"NABARD","N2","04-Jan-2018","       1179.00","       1181.00","       1181.00","       1173.45","       1174.05","       1174.05","       1174.27","        470","              551908.50","          7","        470","        100.00"
"NABARD","N2","05-Jan-2018","       1174.05","       1175.00","       1176.50","       1174.15","       1176.50","       1176.50","       1174.92","       1030","             1210170.90","         36","       1030","        100.00"
"NABARD","N2","09-Jan-2018","       1176.50","       1177.00","       1180.00","       1177.00","       1180.00","       1179.67","       1179.59","        516","              608670.00","          7","        516","        100.00"
"NABARD","N2","10-Jan-2018","       1179.67","       1173.60","       1173.60","       1173.00","       1173.00","       1173.00","       1173.20","        150","              175980.70","          9","        150","        100.00"
"NABARD","N2","11-Jan-2018","       1173.00","       1174.05","       1175.00","       1174.05","       1175.00","       1175.00","       1174.21","        242","              284160.00","          3","        242","        100.00"
"NABARD","N2","12-Jan-2018","       1175.00","       1174.10","       1179.95","       1174.05","       1179.95","       1178.35","       1175.73","       1805","             2122189.50","         20","       1205","         66.76"
"NABARD","N2","15-Jan-2018","       1178.35","       1175.00","       1178.99","       1175.00","       1178.99","       1178.99","       1178.39","        133","              156725.87","          3","        133","        100.00"
"NABARD","N2","16-Jan-2018","       1178.99","       1175.00","       1176.00","       1171.01","       1171.01","       1171.67","       1174.92","       1370","             1609641.57","         30","       1370","        100.00"
"NABARD","N2","17-Jan-2018","       1171.67","       1171.00","       1178.00","       1171.00","       1177.01","       1177.01","       1176.54","        690","              811809.17","         10","        544","         78.84"
"NABARD","N2","18-Jan-2018","       1177.01","       1171.10","       1180.00","       1171.06","       1175.20","       1175.20","       1175.24","        797","              936664.50","         10","        441","         55.33"
"NABARD","N2","19-Jan-2018","       1175.20","       1172.40","       1177.00","       1172.40","       1177.00","       1177.00","       1172.50","        920","             1078700.00","          2","        920","        100.00"
"NABARD","N2","22-Jan-2018","       1177.00","       1172.51","       1177.00","       1172.51","       1177.00","       1177.00","       1176.41","        191","              224694.75","          3","        191","        100.00"
"NABARD","N2","23-Jan-2018","       1177.00","       1171.00","       1171.00","       1171.00","       1171.00","       1171.00","       1171.00","        134","              156914.00","          3","        134","        100.00"
"NABARD","N2","30-Jan-2018","       1171.00","       1171.00","       1171.50","       1171.00","       1171.50","       1171.50","       1171.37","        297","              347897.00","          6","        297","        100.00"
"NABARD","N2","31-Jan-2018","       1171.50","       1171.50","       1175.00","       1171.50","       1175.00","       1175.00","       1173.12","        612","              717947.75","          9","        612","        100.00"
"NABARD","N2","02-Feb-2018","       1175.00","       1167.01","       1167.01","       1165.55","       1165.55","       1165.55","       1166.64","        400","              466657.00","          3","        300","         75.00"
"NABARD","N2","05-Feb-2018","       1165.55","       1169.00","       1171.00","       1164.00","       1168.50","       1169.76","       1166.45","       3055","             3563492.25","         23","       2100","         68.74"
"NABARD","N2","06-Feb-2018","       1169.76","       1168.50","       1168.50","       1168.50","       1168.50","       1168.50","       1168.50","        573","              669550.50","          6","        573","        100.00"
"NABARD","N2","07-Feb-2018","       1168.50","       1175.00","       1179.60","       1175.00","       1176.00","       1176.00","       1177.58","        786","              925581.60","          7","        786","        100.00"
"NABARD","N2","08-Feb-2018","       1176.00","       1175.00","       1176.00","       1175.00","       1176.00","       1176.00","       1175.75","        440","              517328.00","          4","        440","        100.00"
"NABARD","N2","12-Feb-2018","       1176.00","       1176.00","       1176.00","       1176.00","       1176.00","       1176.00","       1176.00","         40","               47040.00","          1","         40","        100.00"
"NABARD","N2","14-Feb-2018","       1176.00","       1183.00","       1190.00","       1183.00","       1190.00","       1186.11","       1186.11","         90","              106750.00","          2","         90","        100.00"
"NABARD","N2","15-Feb-2018","       1186.11","       1178.10","       1178.10","       1176.00","       1176.00","       1176.00","       1176.80","        588","              691958.00","          4","        588","        100.00"
"NABARD","N2","16-Feb-2018","       1176.00","       1176.00","       1180.00","       1176.00","       1178.55","       1179.70","       1176.86","       1293","             1521676.15","         14","       1000","         77.34"
"NABARD","N2","19-Feb-2018","       1179.70","       1150.00","       1180.11","       1150.00","       1180.11","       1180.11","       1174.08","        520","              610520.70","          8","        200","         38.46"
"NABARD","N2","20-Feb-2018","       1180.11","       1180.01","       1181.51","       1180.01","       1181.35","       1181.35","       1181.17","        290","              342540.20","          8","        220","         75.86"
"NABARD","N2","21-Feb-2018","       1181.35","       1180.70","       1180.70","       1180.70","       1180.70","       1180.70","       1180.70","          6","                7084.20","          2","          6","        100.00"
"NABARD","N2","22-Feb-2018","       1180.70","       1181.00","       1189.00","       1181.00","       1183.00","       1183.00","       1185.31","       1200","             1422375.00","          9","        700","         58.33"
"NABARD","N2","23-Feb-2018","       1183.00","       1181.01","       1181.01","       1181.00","       1181.00","       1181.00","       1181.01","        490","              578693.00","          2","        490","        100.00"
"NABARD","N2","26-Feb-2018","       1181.00","       1189.00","       1189.00","       1188.00","       1188.00","       1188.00","       1188.71","        700","              832100.00","          4","        500","         71.43"
"NABARD","N2","27-Feb-2018","       1188.00","       1181.01","       1181.01","       1181.00","       1181.00","       1181.00","       1181.00","        500","              590501.00","          2","        500","        100.00"
"NABARD","N2","28-Feb-2018","       1181.00","       1181.00","       1189.95","       1181.00","       1189.95","       1189.95","       1188.14","        560","              665356.70","          7","        530","         94.64"
"NABARD","N2","01-Mar-2018","       1189.95","       1186.01","       1191.99","       1186.01","       1191.99","       1191.99","       1189.00","       1000","             1189000.00","          2","        500","         50.00"
"NABARD","N2","05-Mar-2018","       1191.99","       1193.99","       1195.00","       1185.00","       1185.00","       1188.75","       1190.96","       1435","             1709031.80","         12","       1000","         69.69"
"NABARD","N2","07-Mar-2018","       1188.75","       1102.03","       1114.99","       1102.00","       1108.00","       1108.00","       1106.64","       1209","             1337924.75","          9","       1100","         90.98"
"NABARD","N2","08-Mar-2018","       1108.00","       1104.00","       1111.00","       1102.00","       1102.00","       1103.21","       1104.67","       4295","             4744576.80","         77","       3435","         79.98"
"NABARD","N2","09-Mar-2018","       1103.21","       1105.00","       1105.00","       1098.00","       1098.95","       1098.36","       1102.25","       3006","             3313373.28","         27","       2941","         97.84"
"NABARD","N1","12-Mar-2018","       1141.00","       1071.01","       1071.01","       1071.01","       1071.01","       1071.01","       1071.01","        300","              321303.00","          1","        300","        100.00"
"NABARD","N2","12-Mar-2018","       1098.36","       1098.30","       1100.99","       1098.00","       1100.95","       1100.30","       1099.56","       3461","             3805592.05","         59","       3097","         89.48"
"NABARD","N2","13-Mar-2018","       1100.30","       1099.01","       1102.99","       1099.01","       1100.05","       1100.08","       1100.46","       1513","             1665001.84","         31","       1303","         86.12"
"NABARD","N1","14-Mar-2018","       1071.01","       1072.00","       1072.00","       1072.00","       1072.00","       1072.00","       1072.00","          1","                1072.00","          1","          1","        100.00"
"NABARD","N2","14-Mar-2018","       1100.08","       1100.00","       1102.00","       1100.00","       1102.00","       1101.57","       1100.73","       5182","             5703971.67","         67","       4002","         77.23"
"NABARD","N1","15-Mar-2018","       1072.00","       1071.25","       1071.25","       1071.25","       1071.25","       1071.25","       1071.25","          1","                1071.25","          1","          1","        100.00"
"NABARD","N2","15-Mar-2018","       1101.57","       1103.05","       1104.99","       1102.60","       1102.60","       1102.60","       1103.72","        430","              474600.95","          9","        405","         94.19"
"NABARD","N2","16-Mar-2018","       1102.60","       1106.50","       1106.60","       1102.25","       1102.25","       1102.28","       1104.64","       1815","             2004912.90","         23","       1549","         85.34"
"NABARD","N2","19-Mar-2018","       1102.28","       1104.90","       1104.90","       1102.00","       1104.60","       1103.85","       1103.69","       2574","             2840902.55","         34","       2324","         90.29"
"NABARD","N2","20-Mar-2018","       1103.85","       1101.00","       1103.00","       1100.00","       1100.10","       1100.19","       1100.84","       2843","             3129688.35","         21","       2644","         93.00"
"NABARD","N2","21-Mar-2018","       1100.19","       1101.00","       1103.00","       1100.50","       1101.50","       1101.50","       1101.54","        187","              205988.50","         12","        137","         73.26"
"NABARD","N2","22-Mar-2018","       1101.50","       1101.50","       1101.85","       1101.10","       1101.56","       1101.56","       1101.64","       1887","             2078796.86","         14","       1496","         79.28"
"NABARD","N2","23-Mar-2018","       1101.56","       1104.99","       1104.99","       1102.00","       1104.98","       1104.71","       1104.65","        766","              846163.30","         55","        689","         89.95"
"NABARD","N2","26-Mar-2018","       1104.71","       1115.00","       1125.00","       1115.00","       1125.00","       1125.00","       1115.91","       1100","             1227500.00","          2","       1100","        100.00"
"NABARD","N2","27-Mar-2018","       1125.00","       1110.00","       1110.00","       1102.13","       1108.00","       1108.00","       1103.34","       1330","             1467442.50","         10","       1100","         82.71"
"NABARD","N2","28-Mar-2018","       1108.00","       1108.00","       1110.00","       1108.00","       1110.00","       1110.00","       1108.50","       2080","             2305670.00","         15","       1980","         95.19"
"NABARD","N2","02-Apr-2018","       1110.00","       1106.00","       1107.00","       1106.00","       1106.80","       1106.42","       1106.43","       1000","             1106427.00","         16","       1000","        100.00"
"NABARD","N2","04-Apr-2018","       1106.42","       1107.50","       1119.00","       1102.05","       1107.50","       1107.51","       1107.94","       1505","             1667449.65","         12","       1318","         87.57"
"NABARD","N2","05-Apr-2018","       1107.51","       1112.00","       1112.00","       1102.17","       1107.49","       1107.41","       1105.93","      26390","            29185597.55","         84","      20950","         79.39"
"NABARD","N2","06-Apr-2018","       1107.41","       1110.00","       1111.90","       1110.00","       1111.90","       1110.55","       1110.55","        375","              416457.00","          5","        375","        100.00"
"NABARD","N2","10-Apr-2018","       1110.55","       1110.90","       1110.90","       1107.00","       1107.00","       1107.83","       1108.87","       3221","             3571660.79","         24","       2720","         84.45"
"NABARD","N2","11-Apr-2018","       1107.83","       1107.00","       1108.50","       1106.99","       1108.00","       1108.00","       1107.66","       6120","             6778881.73","         25","       5530","         90.36"
"NABARD","N2","12-Apr-2018","       1108.00","       1110.00","       1111.00","       1107.56","       1108.97","       1107.83","       1108.52","        490","              543173.70","         12","        370","         75.51"
"NABARD","N2","13-Apr-2018","       1107.83","       1109.80","       1110.27","       1109.75","       1110.27","       1110.27","       1109.89","        440","              488352.00","          4","        340","         77.27"
"NABARD","N2","16-Apr-2018","       1110.27","       1111.00","       1117.00","       1110.00","       1116.00","       1116.00","       1111.67","      12086","            13435658.10","         28","      10231","         84.65"
"NABARD","N2","17-Apr-2018","       1116.00","       1114.00","       1125.00","       1114.00","       1125.00","       1125.00","       1116.75","       2066","             2307203.99","         15","       2066","        100.00"
"NABARD","N2","18-Apr-2018","       1125.00","       1125.00","       1125.00","       1125.00","       1125.00","       1125.00","       1125.00","         56","               63000.00","          3","         56","        100.00"
"NABARD","N2","19-Apr-2018","       1125.00","       1120.00","       1120.00","       1120.00","       1120.00","       1120.00","       1120.00","        409","              458080.00","          4","        408","         99.76"
"NABARD","N2","20-Apr-2018","       1120.00","       1119.46","       1125.00","       1117.00","       1119.65","       1118.87","       1120.09","       5718","             6404692.43","         52","       5353","         93.62"
"NABARD","N2","24-Apr-2018","       1118.87","       1116.00","       1122.00","       1116.00","       1117.50","       1117.53","       1117.09","       2052","             2292269.49","         42","       1400","         68.23"
"NABARD","N2","25-Apr-2018","       1117.53","       1122.00","       1122.00","       1121.00","       1121.00","       1121.00","       1121.50","        600","              672900.00","          2","        600","        100.00"
"NABARD","N2","26-Apr-2018","       1121.00","       1124.00","       1124.00","       1121.00","       1121.00","       1121.00","       1123.86","        210","              236010.00","          2","        210","        100.00"
"NABARD","N2","30-Apr-2018","       1121.00","       1123.00","       1128.00","       1123.00","       1128.00","       1127.71","       1127.71","        200","              225542.50","          3","        200","        100.00"
"NABARD","N2","02-May-2018","       1127.71","       1121.00","       1121.00","       1121.00","       1121.00","       1121.00","       1121.00","        290","              325090.00","          1","        290","        100.00"
"NABARD","N2","04-May-2018","       1121.00","       1114.00","       1115.00","       1114.00","       1115.00","       1114.55","       1114.55","        290","              323220.00","          4","        290","        100.00"
"NABARD","N2","08-May-2018","       1114.55","       1119.90","       1120.00","       1119.90","       1120.00","       1120.00","       1119.98","        738","              826546.20","         19","        600","         81.30"
"NABARD","N2","09-May-2018","       1120.00","       1115.00","       1119.31","       1115.00","       1117.11","       1119.17","       1118.84","       1090","             1219536.20","          9","        960","         88.07"
"NABARD","N2","11-May-2018","       1119.17","       1120.00","       1120.00","       1119.00","       1119.00","       1119.00","       1119.40","        125","              139925.00","          3","        125","        100.00"
"NABARD","N2","14-May-2018","       1119.00","       1115.00","       1118.00","       1115.00","       1117.25","       1117.16","       1116.82","       3000","             3350452.40","         40","       2130","         71.00"
"NABARD","N2","15-May-2018","       1117.16","       1119.00","       1119.00","       1110.00","       1110.00","       1114.17","       1115.14","        250","              278785.00","          4","        200","         80.00"
"NABARD","N2","16-May-2018","       1114.17","       1119.50","       1119.90","       1112.00","       1119.61","       1119.61","       1116.89","        243","              271403.41","          8","        188","         77.37"
"NABARD","N2","17-May-2018","       1119.61","       1119.94","       1120.00","       1119.94","       1120.00","       1119.94","       1119.95","        100","              111994.78","          2","        100","        100.00"
"NABARD","N2","18-May-2018","       1119.94","       1115.00","       1139.00","       1112.00","       1113.70","       1113.70","       1118.38","        851","              951744.70","          8","        850","         99.88"
"NABARD","N2","23-May-2018","       1113.70","       1122.00","       1122.00","       1122.00","       1122.00","       1122.00","       1122.00","         50","               56100.00","          1","         50","        100.00"
"NABARD","N2","24-May-2018","       1122.00","       1118.00","       1118.00","       1118.00","       1118.00","       1118.00","       1118.00","        100","              111800.00","          1","        100","        100.00"
"NABARD","N2","25-May-2018","       1118.00","       1107.00","       1110.00","       1106.00","       1110.00","       1110.00","       1107.67","         30","               33230.00","          3","         20","         66.67"
"NABARD","N2","29-May-2018","       1110.00","       1105.00","       1108.05","       1105.00","       1105.05","       1106.14","       1106.46","       1625","             1798000.35","         20","       1625","        100.00"
"NABARD","N2","04-Jun-2018","       1106.14","       1108.00","       1110.00","       1108.00","       1109.00","       1109.00","       1109.16","       1908","             2116277.50","         16","       1808","         94.76"
"NABARD","N2","05-Jun-2018","       1109.00","       1115.00","       1115.00","       1104.00","       1108.25","       1108.33","       1108.46","       4600","             5098921.00","         26","       4000","         86.96"
"NABARD","N2","06-Jun-2018","       1108.33","       1110.00","       1112.00","       1108.01","       1112.00","       1112.00","       1109.82","        334","              370678.30","          7","        284","         85.03"
"NABARD","N2","07-Jun-2018","       1112.00","       1110.01","       1110.01","       1106.00","       1108.01","       1108.00","       1108.35","       1470","             1629275.00","         10","       1420","         96.60"
"NABARD","N2","08-Jun-2018","       1108.00","       1109.11","       1109.11","       1108.00","       1108.00","       1108.00","       1108.24","       1300","             1440709.90","          8","       1200","         92.31"
"NABARD","N2","11-Jun-2018","       1108.00","       1110.00","       1112.50","       1110.00","       1112.50","       1112.33","       1111.00","        175","              194425.00","          6","        175","        100.00"
"NABARD","N2","12-Jun-2018","       1112.33","       1112.00","       1112.00","       1110.01","       1110.01","       1110.67","       1111.83","        230","              255720.10","          3","        230","        100.00"
"NABARD","N2","13-Jun-2018","       1110.67","       1107.10","       1109.00","       1107.00","       1109.00","       1108.00","       1107.53","        400","              443011.00","          4","        300","         75.00"
"NABARD","N2","14-Jun-2018","       1108.00","       1110.00","       1110.08","       1107.42","       1110.00","       1110.03","       1109.43","       3865","             4287946.70","         14","       2980","         77.10"
"NABARD","N2","15-Jun-2018","       1110.03","       1110.00","       1112.00","       1109.00","       1111.00","       1111.00","       1110.76","      11459","            12728214.68","         25","      11427","         99.72"
"NABARD","N2","18-Jun-2018","       1111.00","       1103.00","       1111.00","       1103.00","       1109.00","       1109.06","       1109.43","       7483","             8301859.97","         42","       6730","         89.94"
"NABARD","N2","19-Jun-2018","       1109.06","       1107.28","       1109.99","       1107.28","       1109.00","       1108.70","       1108.28","       3121","             3458956.51","         49","       2460","         78.82"
"NABARD","N2","20-Jun-2018","       1108.70","       1110.00","       1111.00","       1110.00","       1111.00","       1111.00","       1110.76","       2440","             2710247.50","         14","       2440","        100.00"
"NABARD","N2","21-Jun-2018","       1111.00","       1111.90","       1111.90","       1110.00","       1110.99","       1110.17","       1110.59","        749","              831828.84","         11","        740","         98.80"
"NABARD","N2","22-Jun-2018","       1110.17","       1111.85","       1111.85","       1109.21","       1110.50","       1110.50","       1110.21","       1034","             1147956.65","         10","        964","         93.23"
"NABARD","N2","25-Jun-2018","       1110.50","       1110.00","       1111.00","       1108.01","       1109.25","       1108.47","       1110.04","        684","              759268.22","         21","        612","         89.47"
"NABARD","N2","26-Jun-2018","       1108.47","       1110.00","       1110.00","       1109.50","       1109.50","       1109.69","       1109.70","         63","               69911.00","          3","         38","         60.32"
"NABARD","N2","27-Jun-2018","       1109.69","       1104.10","       1109.98","       1104.10","       1109.98","       1109.98","       1107.03","        201","              222514.00","          3","        101","         50.25"
"NABARD","N2","28-Jun-2018","       1109.98","       1102.00","       1106.00","       1100.00","       1101.50","       1102.26","       1102.74","        797","              878883.00","         19","        695","         87.20"
"NABARD","N2","02-Jul-2018","       1102.26","       1106.00","       1108.00","       1102.00","       1107.79","       1107.79","       1104.28","        818","              903301.00","         21","        555","         67.85"
"NABARD","N2","03-Jul-2018","       1107.79","       1105.00","       1108.00","       1105.00","       1108.00","       1108.00","       1106.84","        258","              285564.00","          7","        258","        100.00"
"NABARD","N2","04-Jul-2018","       1108.00","       1108.00","       1108.00","       1108.00","       1108.00","       1108.00","       1108.00","        178","              197224.00","         19","        178","        100.00"
"NABARD","N2","05-Jul-2018","       1108.00","       1115.00","       1115.00","       1109.00","       1109.00","       1109.00","       1109.74","        142","              157583.00","          4","        140","         98.59"
"NABARD","N2","06-Jul-2018","       1109.00","       1107.00","       1110.00","       1107.00","       1107.10","       1107.10","       1107.01","       1839","             2035792.10","          4","       1839","        100.00"
"NABARD","N2","09-Jul-2018","       1107.10","       1108.60","       1108.60","       1107.99","       1108.00","       1108.00","       1108.22","       1004","             1112649.50","         10","        854","         85.06"
"NABARD","N2","11-Jul-2018","       1108.00","       1108.00","       1109.00","       1108.00","       1108.50","       1108.50","       1108.29","       1800","             1994921.30","          5","       1400","         77.78"
"NABARD","N2","12-Jul-2018","       1108.50","       1108.90","       1110.00","       1108.90","       1110.00","       1110.00","       1108.93","       1030","             1142200.00","          2","       1030","        100.00"
"NABARD","N2","13-Jul-2018","       1110.00","       1111.99","       1120.00","       1111.00","       1114.99","       1114.99","       1115.92","       1215","             1355840.25","         14","       1000","         82.30"
"NABARD","N2","16-Jul-2018","       1114.99","       1110.00","       1110.00","       1108.00","       1110.00","       1110.00","       1108.57","       1670","             1851305.10","         27","       1520","         91.02"
"NABARD","N2","17-Jul-2018","       1110.00","       1098.00","       1112.00","       1098.00","       1112.00","       1112.00","       1108.11","        505","              559597.50","         12","        255","         50.50"
"NABARD","N2","19-Jul-2018","       1112.00","       1112.00","       1112.75","       1110.00","       1111.00","       1111.01","       1111.64","        670","              744796.50","         16","        530","         79.10"
"NABARD","N2","20-Jul-2018","       1111.01","       1110.01","       1110.01","       1109.00","       1109.00","       1109.20","       1109.32","        500","              554661.50","          7","        500","        100.00"
"NABARD","N2","24-Jul-2018","       1109.20","       1111.00","       1114.00","       1110.00","       1111.00","       1112.20","       1111.58","       2450","             2723366.45","         20","       1645","         67.14"
"NABARD","N2","26-Jul-2018","       1112.20","       1113.50","       1113.50","       1111.00","       1111.00","       1113.45","       1113.45","        204","              227144.00","          2","        204","        100.00"
"NABARD","N2","27-Jul-2018","       1113.45","       1113.50","       1115.00","       1113.50","       1115.00","       1114.73","       1114.42","        695","              774518.60","          8","        695","        100.00"
"NABARD","N2","31-Jul-2018","       1114.73","       1112.00","       1112.00","       1112.00","       1112.00","       1112.00","       1112.00","        100","              111200.00","          1","        100","        100.00"
"NABARD","N2","01-Aug-2018","       1112.00","       1110.06","       1110.06","       1110.06","       1110.06","       1110.06","       1110.06","         54","               59943.24","          1","         54","        100.00"
"NABARD","N2","02-Aug-2018","       1110.06","       1110.00","       1118.00","       1108.00","       1118.00","       1118.00","       1114.40","        196","              218423.00","          4","        175","         89.29"
"NABARD","N2","03-Aug-2018","       1118.00","       1118.50","       1118.50","       1118.00","       1118.00","       1118.00","       1118.10","        500","              559050.00","          2","        500","        100.00"
"NABARD","N2","06-Aug-2018","       1118.00","       1118.00","       1118.00","       1115.00","       1115.00","       1117.62","       1117.62","        675","              754395.00","          4","        590","         87.41"
"NABARD","N2","07-Aug-2018","       1117.62","       1120.00","       1120.00","       1113.55","       1113.55","       1113.76","       1116.48","        495","              552655.40","         10","        395","         79.80"
"NABARD","N2","08-Aug-2018","       1113.76","       1119.90","       1120.00","       1116.15","       1120.00","       1119.85","       1119.90","       1052","             1178132.30","          6","       1052","        100.00"
"NABARD","N2","09-Aug-2018","       1119.85","       1123.99","       1128.49","       1116.51","       1128.49","       1128.48","       1123.78","        202","              227004.10","         10","        196","         97.03"
"NABARD","N2","10-Aug-2018","       1128.48","       1125.00","       1127.90","       1125.00","       1127.85","       1127.85","       1125.01","        525","              590630.75","          4","        523","         99.62"
"NABARD","N2","13-Aug-2018","       1127.85","       1120.00","       1124.99","       1120.00","       1124.99","       1122.04","       1120.63","        580","              649967.60","          7","        540","         93.10"
"NABARD","N2","14-Aug-2018","       1122.04","       1122.00","       1122.15","       1121.00","       1122.15","       1122.15","       1121.65","       2184","             2449691.35","         16","       1567","         71.75"
"NABARD","N2","16-Aug-2018","       1122.15","       1122.00","       1125.00","       1122.00","       1124.93","       1124.93","       1124.42","        693","              779221.00","         12","        690","         99.57"
"NABARD","N2","17-Aug-2018","       1124.93","       1125.00","       1125.00","       1125.00","       1125.00","       1125.00","       1125.00","         44","               49500.00","          4","         43","         97.73"
"NABARD","N2","20-Aug-2018","       1125.00","       1114.01","       1126.00","       1114.01","       1120.00","       1120.47","       1122.59","       1879","             2109350.76","         27","       1801","         95.85"
"NABARD","N2","21-Aug-2018","       1120.47","       1125.00","       1125.05","       1125.00","       1125.00","       1125.00","       1125.00","       3009","             3385134.04","         33","       3008","         99.97"
"NABARD","N2","23-Aug-2018","       1125.00","       1124.00","       1124.00","       1120.00","       1124.00","       1124.00","       1123.11","        450","              505400.00","          3","        450","        100.00"
"NABARD","N2","24-Aug-2018","       1124.00","       1122.00","       1124.00","       1120.00","       1124.00","       1124.00","       1123.10","        279","              313346.00","          6","        279","        100.00"
"NABARD","N2","27-Aug-2018","       1124.00","       1118.00","       1124.00","       1118.00","       1124.00","       1124.00","       1120.13","        438","              490615.40","         10","        314","         71.69"
"NABARD","N2","28-Aug-2018","       1124.00","       1121.01","       1123.98","       1120.00","       1121.50","       1121.86","       1120.94","       1403","             1572684.40","         25","       1048","         74.70"
"NABARD","N2","29-Aug-2018","       1121.86","       1125.00","       1125.00","       1121.50","       1125.00","       1125.00","       1122.29","        503","              564513.10","          9","        486","         96.62"
"NABARD","N2","30-Aug-2018","       1125.00","       1122.05","       1130.00","       1122.05","       1130.00","       1127.50","       1122.07","        477","              535228.75","          5","        476","         99.79"
"NABARD","N2","31-Aug-2018","       1127.50","       1123.01","       1128.00","       1123.01","       1125.00","       1125.00","       1124.87","        255","              286842.30","          6","        254","         99.61"
"NABARD","N2","03-Sep-2018","       1125.00","       1123.00","       1129.90","       1123.00","       1127.00","       1126.00","       1125.28","       1701","             1914109.10","          7","       1500","         88.18"
"NABARD","N2","04-Sep-2018","       1126.00","       1125.00","       1128.00","       1125.00","       1128.00","       1127.60","       1127.18","        304","              342662.98","         11","        301","         99.01"
"NABARD","N2","05-Sep-2018","       1127.60","       1125.00","       1126.01","       1124.25","       1125.00","       1125.00","       1124.80","       1470","             1653455.94","         21","       1350","         91.84"
"NABARD","N2","06-Sep-2018","       1125.00","       1125.00","       1125.00","       1123.00","       1125.00","       1124.44","       1124.36","       1266","             1423446.00","         14","       1244","         98.26"
"NABARD","N2","07-Sep-2018","       1124.44","       1122.20","       1123.99","       1122.15","       1123.99","       1123.99","       1122.48","        220","              246944.80","          4","        150","         68.18"
"NABARD","N2","10-Sep-2018","       1123.99","       1123.90","       1124.00","       1120.75","       1120.75","       1120.75","       1121.07","        704","              789231.39","         19","        444","         63.07"
"NABARD","N2","11-Sep-2018","       1120.75","       1120.55","       1120.55","       1120.00","       1120.00","       1120.27","       1120.39","        120","              134446.50","         11","         50","         41.67"
"NABARD","N2","17-Sep-2018","       1120.27","       1120.01","       1125.00","       1120.01","       1124.80","       1124.80","       1124.24","        700","              786971.20","         14","        600","         85.71"
"NABARD","N2","18-Sep-2018","       1124.80","       1125.00","       1125.00","       1125.00","       1125.00","       1125.00","       1125.00","          2","                2250.00","          2","          0","          0.00"
"NABARD","N2","19-Sep-2018","       1125.00","       1125.00","       1129.00","       1121.00","       1129.00","       1129.00","       1123.06","        101","              113429.00","          5","        100","         99.01"
"NABARD","N2","21-Sep-2018","       1129.00","       1117.10","       1120.50","       1115.00","       1120.00","       1120.00","       1116.98","       2093","             2337829.70","         36","       1405","         67.13"
"NABARD","N2","24-Sep-2018","       1120.00","       1116.30","       1120.50","       1116.30","       1120.50","       1120.50","       1118.50","        210","              234885.00","          3","        110","         52.38"
"NABARD","N2","26-Sep-2018","       1120.50","       1120.50","       1120.50","       1120.50","       1120.50","       1120.50","       1120.50","        590","              661095.00","          2","        590","        100.00"
"NABARD","N2","27-Sep-2018","       1120.50","       1121.00","       1121.00","       1113.99","       1113.99","       1114.20","       1115.39","       1400","             1561545.20","         17","        870","         62.14"
"NABARD","N2","28-Sep-2018","       1114.20","       1122.50","       1122.50","       1110.00","       1110.00","       1110.00","       1115.21","       1600","             1784333.50","         16","       1450","         90.62"
"NABARD","N2","01-Oct-2018","       1110.00","       1110.00","       1111.00","       1107.00","       1110.00","       1108.74","       1109.23","        828","              918440.75","         16","        590","         71.26"
"NABARD","N2","03-Oct-2018","       1108.74","       1115.00","       1140.00","       1115.00","       1140.00","       1129.84","       1124.12","       4801","             5396923.24","         41","       4700","         97.90"
"NABARD","N2","04-Oct-2018","       1129.84","       1124.00","       1129.75","       1124.00","       1129.40","       1128.05","       1126.94","       1401","             1578846.59","         13","       1300","         92.79"
"NABARD","N2","05-Oct-2018","       1128.05","       1125.00","       1131.90","       1120.00","       1131.90","       1131.26","       1125.34","       1377","             1549598.00","         12","       1275","         92.59"
"NABARD","N2","08-Oct-2018","       1131.26","       1125.00","       1125.00","       1125.00","       1125.00","       1125.00","       1125.00","          1","                1125.00","          1","          1","        100.00"
"NABARD","N2","09-Oct-2018","       1125.00","       1125.00","       1125.05","       1115.50","       1123.50","       1123.04","       1121.41","       4294","             4815328.49","         25","       3082","         71.77"
"NABARD","N1","10-Oct-2018","       1071.25","       1085.00","       1085.00","       1084.50","       1085.00","       1085.00","       1084.83","       3006","             3261010.00","          4","       3006","        100.00"
"NABARD","N2","12-Oct-2018","       1123.04","       1125.00","       1125.00","       1125.00","       1125.00","       1125.00","       1125.00","          1","                1125.00","          1","          1","        100.00"
"NABARD","N2","15-Oct-2018","       1125.00","       1125.00","       1135.00","       1120.00","       1125.00","       1121.18","       1122.34","       1201","             1347925.00","          8","       1101","         91.67"
"NABARD","N2","16-Oct-2018","       1121.18","       1125.00","       1135.00","       1125.00","       1131.00","       1134.93","       1132.67","        403","              456465.01","          7","        401","         99.50"
"NABARD","N1","17-Oct-2018","       1085.00","       1120.00","       1120.00","       1120.00","       1120.00","       1120.00","       1120.00","         50","               56000.00","          1","         50","        100.00"
"NABARD","N2","17-Oct-2018","       1134.93","       1125.00","       1129.99","       1125.00","       1129.99","       1129.97","       1127.40","        678","              764376.94","         12","        656","         96.76"
"NABARD","N2","19-Oct-2018","       1129.97","       1125.00","       1148.50","       1125.00","       1139.00","       1139.06","       1139.12","       1166","             1328217.60","         17","        910","         78.04"
"NABARD","N2","22-Oct-2018","       1139.06","       1125.00","       1139.95","       1125.00","       1139.95","       1139.42","       1138.00","        849","              966163.20","         31","        841","         99.06"
"NABARD","N2","23-Oct-2018","       1139.42","       1125.00","       1137.00","       1125.00","       1134.90","       1134.90","       1130.32","        511","              577595.85","         22","        300","         58.71"
"NABARD","N2","24-Oct-2018","       1134.90","       1125.25","       1129.95","       1125.25","       1129.95","       1129.95","       1127.83","        702","              791735.65","         17","        622","         88.60"
"NABARD","N2","29-Oct-2018","       1129.95","       1129.90","       1133.00","       1129.90","       1133.00","       1133.00","       1131.27","        135","              152721.50","          5","        135","        100.00"
"NABARD","N2","31-Oct-2018","       1133.00","       1137.95","       1183.00","       1131.00","       1131.20","       1131.21","       1136.15","        995","             1130464.48","         17","        992","         99.70"
"NABARD","N2","01-Nov-2018","       1131.21","       1135.00","       1135.00","       1135.00","       1135.00","       1135.00","       1135.00","        500","              567500.00","          1","        500","        100.00"
"NABARD","N2","02-Nov-2018","       1135.00","       1137.95","       1138.00","       1137.95","       1138.00","       1137.95","       1137.95","         21","               23897.00","          3","         21","        100.00"
"NABARD","N2","05-Nov-2018","       1137.95","       1137.50","       1138.50","       1137.50","       1138.50","       1138.50","       1137.63","         12","               13651.50","          3","         11","         91.67"
"NABARD","N2","06-Nov-2018","       1138.50","       1132.01","       1135.00","       1120.00","       1135.00","       1124.08","       1124.08","       1011","             1136445.50","         12","       1000","         98.91"
"NABARD","N2","09-Nov-2018","       1124.08","       1128.50","       1132.80","       1128.50","       1132.74","       1132.74","       1130.39","        450","              508676.20","         16","        320","         71.11"
"NABARD","N2","12-Nov-2018","       1132.74","       1132.00","       1140.00","       1132.00","       1140.00","       1140.00","       1133.14","        211","              239092.50","          7","        170","         80.57"
"NABARD","N2","14-Nov-2018","       1140.00","       1137.95","       1150.00","       1137.95","       1150.00","       1150.00","       1138.26","         39","               44392.15","          4","         37","         94.87"
"NABARD","N1","15-Nov-2018","       1120.00","       1125.00","       1125.00","       1125.00","       1125.00","       1125.00","       1125.00","         50","               56250.00","          1","         50","        100.00"
"NABARD","N2","15-Nov-2018","       1150.00","       1137.00","       1169.00","       1137.00","       1140.90","       1140.90","       1142.75","        336","              383964.00","          4","        336","        100.00"
"NABARD","N2","16-Nov-2018","       1140.90","       1135.10","       1135.10","       1135.10","       1135.10","       1135.10","       1135.10","        100","              113510.00","          1","        100","        100.00"
"NABARD","N2","19-Nov-2018","       1135.10","       1138.00","       1148.00","       1138.00","       1148.00","       1145.14","       1140.09","      16560","            18879821.50","         46","      16409","         99.09"
"NABARD","N2","20-Nov-2018","       1145.14","       1140.00","       1140.10","       1130.00","       1130.00","       1132.26","       1135.80","      19795","            22483206.59","        119","      15221","         76.89"
"NABARD","N2","21-Nov-2018","       1132.26","       1131.00","       1131.00","       1128.10","       1128.50","       1128.50","       1129.39","       3290","             3715702.10","         43","       3040","         92.40"
"NABARD","N2","26-Nov-2018","       1128.50","       1132.00","       1134.90","       1132.00","       1134.90","       1134.60","       1132.69","       4203","             4760677.72","         23","       3693","         87.87"
"NABARD","N2","27-Nov-2018","       1134.60","       1132.00","       1132.01","       1130.10","       1130.25","       1130.25","       1131.53","       4089","             4626818.00","         23","       3739","         91.44"
"NABARD","N2","28-Nov-2018","       1130.25","       1131.00","       1137.00","       1131.00","       1135.50","       1135.49","       1136.41","       3260","             3704702.50","         23","       3220","         98.77"
"NABARD","N2","29-Nov-2018","       1135.49","       1130.06","       1135.00","       1130.00","       1133.00","       1133.73","       1130.36","      29272","            33087768.67","        122","      18155","         62.02"
"NABARD","N2","30-Nov-2018","       1133.73","       1135.00","       1135.00","       1130.55","       1134.99","       1133.80","       1132.20","       7050","             7982018.80","         32","       5735","         81.35"
"NABARD","N2","03-Dec-2018","       1133.80","       1133.50","       1133.55","       1132.10","       1133.01","       1133.01","       1132.95","       1641","             1859164.21","         13","       1640","         99.94"
"NABARD","N2","04-Dec-2018","       1133.01","       1130.10","       1135.00","       1130.10","       1135.00","       1135.00","       1133.09","        800","              906475.00","          3","        550","         68.75"
"NABARD","N2","05-Dec-2018","       1135.00","       1134.95","       1139.99","       1134.95","       1135.00","       1135.44","       1135.31","       4108","             4663835.10","         23","       3908","         95.13"
"NABARD","N2","06-Dec-2018","       1135.44","       1133.75","       1133.75","       1131.60","       1131.70","       1131.70","       1132.16","       1071","             1212539.32","         15","       1071","        100.00"
"NABARD","N2","07-Dec-2018","       1131.70","       1138.63","       1138.63","       1138.50","       1138.50","       1138.50","       1138.59","         59","               67176.57","          3","         59","        100.00"
"NABARD","N2","10-Dec-2018","       1138.50","       1131.20","       1131.20","       1131.20","       1131.20","       1131.20","       1131.20","        380","              429856.00","         12","        200","         52.63"
"NABARD","N2","14-Dec-2018","       1131.20","       1130.10","       1132.10","       1130.10","       1132.10","       1132.10","       1130.24","        216","              244131.60","          2","        216","        100.00"
"NABARD","N1","17-Dec-2018","       1125.00","       1130.00","       1130.00","       1130.00","       1130.00","       1130.00","       1130.00","         50","               56500.00","          1","         50","        100.00"
"NABARD","N2","17-Dec-2018","       1132.10","       1140.00","       1145.99","       1134.00","       1139.99","       1139.99","       1140.05","        574","              654388.21","         10","        540","         94.08"
"NABARD","N2","18-Dec-2018","       1139.99","       1139.95","       1139.95","       1139.95","       1139.95","       1139.95","       1139.95","         15","               17099.25","          1","         15","        100.00"
"NABARD","N2","19-Dec-2018","       1139.95","       1140.00","       1144.90","       1140.00","       1144.90","       1144.90","       1143.59","        335","              383101.60","          4","        335","        100.00"
"NABARD","N2","26-Dec-2018","       1144.90","       1144.50","       1149.90","       1144.50","       1149.90","       1149.50","       1149.50","        341","              391980.90","          2","        341","        100.00"
"NABARD","N2","28-Dec-2018","       1149.50","       1146.01","       1150.01","       1146.01","       1150.00","       1150.00","       1147.25","        515","              590834.00","         13","        360","         69.90"
"NABARD","N2","02-Jan-2019","       1150.00","       1150.00","       1154.99","       1150.00","       1151.55","       1151.54","       1151.36","       3685","             4242771.75","         59","       3260","         88.47"
"NABARD","N2","03-Jan-2019","       1151.54","       1151.00","       1153.99","       1151.00","       1151.40","       1151.50","       1152.48","       7516","             8662041.25","         25","       7415","         98.66"
"NABARD","N2","04-Jan-2019","       1151.50","       1151.51","       1153.25","       1151.50","       1152.01","       1152.01","       1151.90","       3508","             4040869.18","         23","       2983","         85.03"
"NABARD","N2","07-Jan-2019","       1152.01","       1151.10","       1154.00","       1151.10","       1153.00","       1153.00","       1153.12","       3690","             4255025.40","         21","       3300","         89.43"
"NABARD","N2","08-Jan-2019","       1153.00","       1154.00","       1154.00","       1151.60","       1151.80","       1152.29","       1152.41","       4611","             5313751.66","         21","       4510","         97.81"
"NABARD","N2","09-Jan-2019","       1152.29","       1152.00","       1154.00","       1152.00","       1152.00","       1152.78","       1152.83","       4061","             4681641.17","         45","       3260","         80.28"
"NABARD","N2","10-Jan-2019","       1152.78","       1151.11","       1152.50","       1150.00","       1152.50","       1151.23","       1151.16","       6006","             6913871.74","         58","       4334","         72.16"
"NABARD","N2","11-Jan-2019","       1151.23","       1151.00","       1153.00","       1149.00","       1153.00","       1152.02","       1150.88","       3293","             3789852.36","         46","       3098","         94.08"
"NABARD","N2","14-Jan-2019","       1152.02","       1150.02","       1158.49","       1149.00","       1158.49","       1157.14","       1152.87","       8277","             9542344.76","        105","       5860","         70.80"
"NABARD","N1","15-Jan-2019","       1130.00","       1140.00","       1140.00","       1140.00","       1140.00","       1140.00","       1140.00","         50","               57000.00","          1","         50","        100.00"
"NABARD","N2","15-Jan-2019","       1157.14","       1155.00","       1157.00","       1153.50","       1154.00","       1155.18","       1154.19","       5020","             5794042.50","         18","       4250","         84.66"
"NABARD","N2","16-Jan-2019","       1155.18","       1155.00","       1157.00","       1155.00","       1157.00","       1156.99","       1155.13","       6104","             7050922.50","         23","       6104","        100.00"
"NABARD","N2","17-Jan-2019","       1156.99","       1155.00","       1155.00","       1154.00","       1154.00","       1154.00","       1154.70","       7764","             8965105.00","         14","       7764","        100.00"
"NABARD","N2","18-Jan-2019","       1154.00","       1155.00","       1155.00","       1154.00","       1155.00","       1155.00","       1154.94","      15906","            18370433.82","         30","      15275","         96.03"
"NABARD","N2","21-Jan-2019","       1155.00","       1155.15","       1156.50","       1155.00","       1156.50","       1155.13","       1155.15","       3231","             3732283.15","         30","       2681","         82.98"
"NABARD","N2","22-Jan-2019","       1155.13","       1154.00","       1158.00","       1154.00","       1158.00","       1156.86","       1155.62","        500","              577807.50","          8","        300","         60.00"
"NABARD","N2","23-Jan-2019","       1156.86","       1160.00","       1160.00","       1157.95","       1160.00","       1160.00","       1159.26","        575","              666572.30","         11","        435","         75.65"
"NABARD","N2","24-Jan-2019","       1160.00","       1155.50","       1155.50","       1155.00","       1155.50","       1155.50","       1155.48","       3720","             4298397.50","         20","       3050","         81.99"
"NABARD","N2","25-Jan-2019","       1155.50","       1157.00","       1157.00","       1156.94","       1157.00","       1157.00","       1156.96","       2684","             3105293.80","         13","       2284","         85.10"
"NABARD","N2","29-Jan-2019","       1157.00","       1169.98","       1169.98","       1169.98","       1169.98","       1169.98","       1169.98","         75","               87748.50","          1","         75","        100.00"
"NABARD","N2","01-Feb-2019","       1169.98","       1155.10","       1155.10","       1155.10","       1155.10","       1155.10","       1155.10","        200","              231020.00","         11","        200","        100.00"
"NABARD","N2","04-Feb-2019","       1155.10","       1155.10","       1164.00","       1155.05","       1160.00","       1160.00","       1157.42","       1750","             2025485.00","         45","       1150","         65.71"
"NABARD","N2","05-Feb-2019","       1160.00","       1160.00","       1160.00","       1159.80","       1160.00","       1160.00","       1159.89","       1800","             2087800.00","          8","       1800","        100.00"
"NABARD","N2","06-Feb-2019","       1160.00","       1160.00","       1163.00","       1160.00","       1163.00","       1163.00","       1160.04","       9273","            10757010.00","         16","       9273","        100.00"
"NABARD","N2","08-Feb-2019","       1163.00","       1160.51","       1163.10","       1160.50","       1163.10","       1163.10","       1161.48","        400","              464590.57","          5","        400","        100.00"
"NABARD","N2","11-Feb-2019","       1163.10","       1163.10","       1163.10","       1163.10","       1163.10","       1163.10","       1163.10","         50","               58155.00","          1","         50","        100.00"
"NABARD","N1","12-Feb-2019","       1140.00","       1140.00","       1140.00","       1140.00","       1140.00","       1140.00","       1140.00","        100","              114000.00","          1","        100","        100.00"
"NABARD","N2","14-Feb-2019","       1163.10","       1168.00","       1168.00","       1160.00","       1163.00","       1163.00","       1162.53","       5399","             6276519.30","         27","       5283","         97.85"
"NABARD","N1","15-Feb-2019","       1140.00","       1147.00","       1147.00","       1147.00","       1147.00","       1147.00","       1147.00","         50","               57350.00","          1","         50","        100.00"
"NABARD","N2","15-Feb-2019","       1163.00","       1163.16","       1178.00","       1163.00","       1175.00","       1175.00","       1167.01","        916","             1068977.95","         14","        670","         73.14"
"NABARD","N2","18-Feb-2019","       1175.00","       1164.00","       1165.00","       1164.00","       1165.00","       1165.00","       1164.17","        240","              279400.00","          5","        240","        100.00"
"NABARD","N2","20-Feb-2019","       1165.00","       1161.00","       1167.00","       1161.00","       1165.95","       1166.36","       1163.76","       2684","             3123518.45","         37","       1334","         49.70"
"NABARD","N2","21-Feb-2019","       1166.36","       1166.00","       1166.00","       1165.99","       1165.99","       1165.99","       1165.99","        640","              746235.17","         10","        640","        100.00"
"NABARD","N2","22-Feb-2019","       1165.99","       1166.00","       1166.00","       1164.01","       1165.16","       1165.27","       1165.23","       3676","             4283400.06","         33","       2423","         65.91"
"NABARD","N2","25-Feb-2019","       1165.27","       1178.00","       1195.00","       1167.25","       1172.00","       1172.00","       1167.34","        503","              587170.00","          4","        500","         99.40"
"NABARD","N2","26-Feb-2019","       1172.00","       1178.99","       1178.99","       1168.01","       1168.01","       1171.98","       1175.49","        400","              470194.01","          8","          1","          0.25"
"NABARD","N2","27-Feb-2019","       1171.98","       1172.00","       1172.00","       1168.40","       1168.55","       1168.55","       1170.34","       1150","             1345887.50","          8","       1000","         86.96"
"NABARD","N2","28-Feb-2019","       1168.55","       1177.00","       1178.00","       1172.00","       1172.00","       1172.00","       1175.17","        600","              705104.50","          6","        300","         50.00"
"NABARD","N2","01-Mar-2019","       1172.00","       1168.20","       1172.00","       1168.20","       1170.00","       1170.00","       1171.74","        220","              257782.00","          3","        210","         95.45"
"NABARD","N2","05-Mar-2019","       1170.00","       1178.00","       1182.50","       1170.55","       1170.55","       1170.55","       1172.48","        700","              820737.45","         21","        499","         71.29"
"NABARD","N2","06-Mar-2019","       1170.55","       1152.00","       1173.90","       1151.00","       1173.90","       1173.90","       1165.70","       3420","             3986693.50","         46","       2265","         66.23"
"NABARD","N1","07-Mar-2019","       1147.00","       1147.00","       1147.00","       1147.00","       1147.00","       1147.00","       1147.00","         10","               11470.00","          1","         10","        100.00"
"NABARD","N2","07-Mar-2019","       1173.90","       1100.00","       1108.00","       1098.00","       1105.10","       1105.36","       1104.46","       2774","             3063768.71","         86","       2409","         86.84"
"NABARD","N2","08-Mar-2019","       1105.36","       1108.00","       1114.40","       1108.00","       1114.40","       1114.40","       1113.18","       2975","             3311703.80","         57","       1790","         60.17"
"NABARD","N2","11-Mar-2019","       1114.40","       1114.55","       1114.55","       1114.00","       1114.00","       1114.00","       1114.10","        185","              206109.25","          6","        185","        100.00"
"NABARD","N2","12-Mar-2019","       1114.00","       1105.50","       1114.50","       1100.00","       1111.10","       1111.40","       1103.00","      27309","            30121691.75","         90","      24945","         91.34"
"NABARD","N1","13-Mar-2019","       1147.00","       1089.00","       1089.00","       1089.00","       1089.00","       1089.00","       1089.00","          2","                2178.00","          1","          2","        100.00"
"NABARD","N2","13-Mar-2019","       1111.40","       1105.01","       1107.00","       1102.10","       1103.70","       1104.34","       1103.59","       6290","             6941571.98","         63","       4758","         75.64"
"NABARD","N2","14-Mar-2019","       1104.34","       1101.00","       1106.00","       1101.00","       1102.01","       1102.01","       1104.37","        342","              377694.62","          8","        306","         89.47"
"NABARD","N1","18-Mar-2019","       1089.00","       1081.00","       1081.00","       1081.00","       1081.00","       1081.00","       1081.00","         50","               54050.00","          1","         50","        100.00"
"NABARD","N2","18-Mar-2019","       1102.01","       1103.75","       1111.10","       1103.75","       1111.10","       1111.10","       1104.79","       4234","             4677685.00","         14","       3984","         94.10"
"NABARD","N2","19-Mar-2019","       1111.10","       1105.00","       1110.00","       1102.25","       1106.00","       1106.00","       1104.63","       5083","             5614851.65","         47","       4433","         87.21"
"NABARD","N2","20-Mar-2019","       1106.00","       1105.00","       1106.00","       1105.00","       1105.00","       1105.02","       1105.03","       1079","             1192325.42","         20","        993","         92.03"
"NABARD","N2","25-Mar-2019","       1105.02","       1109.50","       1111.00","       1109.50","       1111.00","       1111.00","       1110.05","        910","             1010147.90","          7","        910","        100.00"
"NABARD","N2","26-Mar-2019","       1111.00","       1109.75","       1112.99","       1105.10","       1105.10","       1105.10","       1110.71","       1641","             1822678.29","         28","       1481","         90.25"
"NABARD","N2","27-Mar-2019","       1105.10","       1110.00","       1110.00","       1110.00","       1110.00","       1110.00","       1110.00","         25","               27750.00","          1","         25","        100.00"
"NABARD","N2","28-Mar-2019","       1110.00","       1103.10","       1114.00","       1103.10","       1110.00","       1110.00","       1108.20","        914","             1012891.00","         20","        505","         55.25"
"NABARD","N2","29-Mar-2019","       1110.00","       1112.00","       1112.50","       1106.11","       1112.50","       1112.50","       1111.41","       3200","             3556527.70","         16","       2500","         78.12"
"NABARD","N2","01-Apr-2019","       1112.50","       1112.00","       1112.00","       1104.00","       1108.99","       1105.32","       1106.98","       7444","             8240394.78","         66","       5507","         73.98"
"NABARD","N2","02-Apr-2019","       1105.32","       1107.99","       1107.99","       1106.50","       1107.50","       1107.50","       1106.90","       2210","             2446253.30","          9","       1910","         86.43"
"NABARD","N2","03-Apr-2019","       1107.50","       1107.60","       1112.00","       1106.55","       1108.01","       1111.20","       1108.35","       5925","             6566966.08","         50","       5225","         88.19"
"NABARD","N2","04-Apr-2019","       1111.20","       1109.97","       1112.00","       1108.00","       1112.00","       1111.98","       1110.39","       1582","             1756635.00","         39","       1082","         68.39"
"NABARD","N2","05-Apr-2019","       1111.98","       1111.98","       1112.95","       1107.00","       1108.00","       1108.00","       1109.70","        465","              516009.90","         22","        265","         56.99"
"NABARD","N2","08-Apr-2019","       1108.00","       1110.00","       1110.00","       1104.53","       1109.90","       1108.12","       1108.36","      12690","            14065043.20","         22","      12400","         97.71"
"NABARD","N2","09-Apr-2019","       1108.12","       1108.50","       1112.00","       1106.51","       1112.00","       1109.60","       1107.98","       1072","             1187751.25","          7","        972","         90.67"
"NABARD","N2","10-Apr-2019","       1109.60","       1113.00","       1113.99","       1112.00","       1113.99","       1112.96","       1112.76","        413","              459571.11","         12","        270","         65.38"
"NABARD","N2","11-Apr-2019","       1112.96","       1106.50","       1110.00","       1106.00","       1110.00","       1110.00","       1106.87","       1200","             1328240.13","         36","       1100","         91.67"
"NABARD","N2","12-Apr-2019","       1110.00","       1110.00","       1111.00","       1110.00","       1111.00","       1111.00","       1110.38","       1929","             2141918.00","         33","       1900","         98.50"
"NABARD","N1","15-Apr-2019","       1081.00","       1088.00","       1088.00","       1088.00","       1088.00","       1088.00","       1088.00","         50","               54400.00","          1","         50","        100.00"
"NABARD","N2","15-Apr-2019","       1111.00","       1111.00","       1114.00","       1110.75","       1114.00","       1111.27","       1111.06","        625","              694411.50","         11","        435","         69.60"
"NABARD","N2","16-Apr-2019","       1111.27","       1109.00","       1109.50","       1106.13","       1108.00","       1108.12","       1108.45","        830","              920012.00","         16","        600","         72.29"
"NABARD","N2","18-Apr-2019","       1108.12","       1110.10","       1110.10","       1110.00","       1110.10","       1110.10","       1110.01","        575","              638254.00","          8","        575","        100.00"
"NABARD","N2","22-Apr-2019","       1110.10","       1112.00","       1113.90","       1112.00","       1113.00","       1113.60","       1112.35","       1025","             1140160.00","         12","        875","         85.37"
"NABARD","N2","23-Apr-2019","       1113.60","       1106.96","       1115.00","       1106.96","       1111.02","       1111.13","       1113.26","       1645","             1831310.30","         17","       1105","         67.17"
"NABARD","N2","24-Apr-2019","       1111.13","       1111.02","       1114.50","       1111.00","       1114.50","       1112.74","       1112.37","       2880","             3203626.83","         28","       2175","         75.52"
"NABARD","N2","25-Apr-2019","       1112.74","       1111.01","       1111.01","       1108.72","       1110.99","       1109.90","       1110.28","        870","              965946.45","          7","        585","         67.24"
"NABARD","N2","26-Apr-2019","       1109.90","       1110.00","       1110.99","       1108.00","       1110.50","       1109.89","       1109.31","       2708","             3004023.60","         47","       1948","         71.94"
"NABARD","N2","30-Apr-2019","       1109.89","       1110.00","       1110.00","       1108.00","       1108.00","       1108.64","       1108.72","       5437","             6028117.77","         63","       4451","         81.86"
"NABARD","N2","02-May-2019","       1108.64","       1111.00","       1114.49","       1111.00","       1114.40","       1114.40","       1113.60","        414","              461031.23","          6","        207","         50.00"
"NABARD","N2","03-May-2019","       1114.40","       1111.00","       1111.00","       1111.00","       1111.00","       1111.00","       1111.00","         29","               32219.00","          1","         29","        100.00"
